Ime,Priimek,Rojstvo,Naslov,Telefon,Mail,Clanerina,Zaposlitev
Xander,Fernandez,06-07-1993,282-3165 Nulla. Avenue,258-1696,urna.nec@Seddiamlorem.ca,1,Aliquam Foundation
Leila,Cline,19-10-1993,450 Habitant St.,954-4586,orci.luctus@liberoest.com,0,Nec Corporation
Jade,Rutledge,25-07-1983,236-6979 Turpis. Avenue,668-6642,in.consectetuer.ipsum@Maurisnondui.edu,0,Aliquam Ltd
Castor,Hampton,29-05-1998,4433 Morbi Road,483-1602,Mauris.quis.turpis@tellusNunc.co.uk,1,Rutrum Incorporated
Ramona,Nguyen,09-06-2008,Ap #736-6828 Sed Road,728-4558,est.ac@nullavulputatedui.edu,0,Urna Nec Luctus Ltd
August,Hahn,27-08-1982,161-2284 Imperdiet St.,1-142-383-2666,mattis.Integer@enim.edu,0,Enim Commodo Hendrerit Associates
Ursa,Barron,22-03-1981,Ap #253-4188 Rhoncus Rd.,1-690-491-4219,volutpat@aliquetvel.org,1,Enim Corporation
Kareem,Gonzalez,10-03-1969,8716 Lacus. Road,1-980-827-1092,ligula@aauctor.edu,1,Dolor Vitae Corp.
Trevor,Morin,26-02-1980,"P.O. Box 930, 7360 Nec Av.",185-9368,ipsum.dolor.sit@aodio.com,0,Ultrices Vivamus Corp.
Naida,Gilbert,02-05-1983,"P.O. Box 696, 575 Est, St.",273-5937,dictum.Proin.eget@Fuscealiquam.com,1,Mauris Ut Quam Limited
Emmanuel,Houston,28-08-1983,"P.O. Box 114, 8419 Arcu. Avenue",1-196-551-3456,sit.amet@Nuncmauris.co.uk,0,A Felis Foundation
Damon,Crane,07-05-2001,"P.O. Box 863, 8338 Faucibus St.",774-3771,ultrices.Vivamus.rhoncus@at.ca,1,Eu Eleifend Nec Ltd
Dalton,Murray,31-07-1996,"P.O. Box 506, 5797 Enim Street",656-5007,placerat@disparturientmontes.com,0,Vitae LLC
Xavier,Frye,21-05-1992,911 Proin St.,684-7315,Suspendisse@egestasAliquam.org,1,Feugiat PC
Jena,Pope,30-03-1983,Ap #260-5417 Mauris St.,776-0881,lacus.pede.sagittis@acorci.org,1,Suspendisse Ltd
Blake,Wilcox,04-11-1977,1853 Vitae Rd.,383-8162,ante.bibendum.ullamcorper@odioNaminterdum.com,1,Egestas LLC
Charlotte,Harrington,04-08-2005,"Ap #499-4185 Elit, St.",1-399-865-0601,tincidunt@libero.edu,1,Ligula Donec Luctus Inc.
Portia,Guzman,16-01-1973,7232 Et Ave,748-9137,adipiscing.non@interdum.co.uk,0,Tortor Institute
Hyatt,Harvey,25-08-1987,"P.O. Box 886, 2471 Ac Rd.",364-1941,vel@idmollisnec.org,1,Ipsum Dolor Sit Institute
Xandra,Murphy,16-07-2006,"P.O. Box 919, 3492 Gravida. Rd.",548-9621,turpis.non@ametdapibus.co.uk,1,Volutpat Foundation
Callum,Browning,18-05-1992,Ap #797-5255 Justo. Rd.,1-433-205-2634,enim.Curabitur.massa@Donecnibh.com,0,Magna Sed Dui Inc.
Xyla,Guthrie,19-04-1976,Ap #638-2727 Morbi Rd.,1-612-229-4129,egestas.Duis.ac@Nullam.co.uk,1,Eget Metus Incorporated
Kay,Noble,21-05-1980,358-7615 Suspendisse Street,807-7874,Sed@egetnisidictum.ca,1,Mauris Inc.
Vance,Mullen,09-03-1980,Ap #896-8476 Sit Road,926-9473,nec.euismod.in@vulputatevelit.org,1,Fermentum Convallis Ligula Associates
Rebecca,Pearson,09-12-1991,Ap #527-4572 A Rd.,195-3966,tortor.nibh.sit@cursus.com,1,Etiam LLP
Calvin,Glenn,16-08-1992,Ap #832-1840 Amet Road,1-772-807-9417,enim.nec.tempus@liberoInteger.edu,0,Hendrerit Ltd
Garrett,Chavez,21-02-1977,2283 Luctus Ave,718-6600,et.magnis@magnaSed.ca,1,Augue Ac Ipsum Associates
Jason,Vinson,02-06-1975,"P.O. Box 120, 7228 Purus. Road",375-3692,pulvinar.arcu@Morbiquis.com,0,Diam Limited
Hop,Burns,25-02-1971,Ap #518-864 Bibendum Street,1-904-189-1789,at.risus@amet.com,1,Sollicitudin Institute
Shellie,Sargent,05-10-1982,146-5056 Sed Rd.,672-7237,dui@vitae.co.uk,0,Est Ac Ltd
Yeo,Pennington,11-01-1968,Ap #642-6045 Natoque Rd.,1-224-232-5156,diam.Proin@etlibero.co.uk,1,Lacus Quisque Purus Associates
Coby,Tate,14-10-1994,"679-9565 At, Av.",1-657-985-7310,arcu.Vestibulum.ante@in.ca,1,Ac Turpis LLC
Nora,Abbott,06-05-1964,159-1949 Maecenas St.,119-7641,tincidunt.orci.quis@velsapienimperdiet.ca,0,Purus Sapien Limited
Norman,Rosa,18-07-1997,Ap #312-4741 Vel Ave,357-0701,dui.Fusce.diam@Aliquamultricesiaculis.co.uk,0,Erat Neque Associates
Erasmus,May,16-02-1971,"Ap #180-7226 Vulputate, Rd.",457-1103,Mauris.quis@mauris.co.uk,0,Augue Porttitor Interdum Incorporated
Carson,Martin,10-05-2004,Ap #871-9910 Non Ave,1-206-619-0743,malesuada@Sed.net,0,Sed Eget Lacus Incorporated
Quyn,Frank,24-12-1984,"P.O. Box 248, 1598 Et Avenue",892-8489,a.nunc@habitantmorbi.net,0,Varius Nam LLC
Charles,Holt,07-03-1977,235-2576 Purus. Avenue,286-8635,amet@indolor.ca,1,Scelerisque Lorem Ipsum Incorporated
Byron,Garner,09-12-1978,"882-6154 Urna, Rd.",1-307-150-8218,massa.Integer.vitae@nonmagnaNam.org,0,Pulvinar Arcu Et Foundation
Savannah,Reynolds,12-04-1984,311-9988 Magna. St.,1-393-240-1054,dolor.quam@Nuncmauris.com,0,Lorem LLP
Calvin,Acosta,22-08-1969,"8413 Tellus, Rd.",449-6423,justo.eu.arcu@magnaatortor.edu,1,Consectetuer Foundation
Faith,Ward,27-04-2001,Ap #761-6778 Nunc Rd.,1-160-984-8960,Curabitur.dictum.Phasellus@neque.edu,1,Mi Aliquam PC
Ross,Farley,03-07-1966,Ap #270-1401 Fusce Ave,693-9712,elit@metus.ca,0,Sapien Aenean Company
Kirestin,Randall,18-01-1980,447-6121 Non Ave,1-286-498-6198,erat@Suspendissealiquetsem.net,1,Libero Est Corp.
Kasimir,Brady,02-03-2000,9860 Consequat Avenue,1-615-589-4081,Donec.tincidunt.Donec@fermentumconvallis.edu,1,Nunc Sollicitudin LLC
Zephr,Howard,07-04-2000,Ap #737-8224 Nisi St.,925-4791,Donec.tempus@natoque.org,0,Eros Proin Company
Vera,Romero,11-10-1975,Ap #644-8348 Mi Avenue,1-170-264-1957,posuere.enim.nisl@habitantmorbi.ca,0,Cursus Nunc Mauris Corporation
Travis,Diaz,13-03-1966,962-9789 Sagittis Road,282-5892,est.vitae.sodales@luctusaliquetodio.co.uk,1,Vel Lectus Cum Inc.
Adena,Moon,29-06-1980,Ap #990-4391 Magna. Street,806-3085,lacus.Aliquam.rutrum@Quisque.net,1,Augue Ut Corp.
Maite,Herrera,29-12-1967,"P.O. Box 356, 2016 Enim, Rd.",156-4612,dui@vitaealiquetnec.org,0,Iaculis Nec Institute
Chaney,Wright,21-06-1974,Ap #945-168 Tellus Rd.,936-5458,facilisis.magna@faucibusorci.net,0,Lacus Foundation
Bradley,Lloyd,07-09-2007,9221 Consectetuer Street,1-224-658-1981,risus.Nunc.ac@nequevitaesemper.co.uk,0,Lorem Ut Aliquam Limited
Lara,Haney,29-12-2000,1609 Quam Rd.,1-654-240-6062,gravida.sit.amet@nec.net,0,Nulla In Limited
Rooney,Patton,15-05-2007,Ap #858-9042 Sollicitudin Street,1-890-777-0711,Nunc.commodo@porttitortellusnon.ca,0,Arcu Institute
George,Mejia,30-11-1982,Ap #132-385 Nec Ave,1-359-450-8002,dolor.tempus.non@turpis.ca,1,Vitae Nibh Donec Consulting
Adena,James,06-10-1995,"P.O. Box 672, 5503 Dolor Road",1-730-337-2152,sed.tortor@enimdiam.org,1,Dis Parturient Montes LLP
Ursula,Booker,09-06-1968,"P.O. Box 232, 5887 Id Street",723-3846,mi.tempor@nibhlaciniaorci.co.uk,0,Consequat Purus Maecenas Limited
Evangeline,Barry,10-07-1991,Ap #272-132 Proin Road,1-258-597-2854,Integer@estacfacilisis.com,0,Enim Incorporated
Byron,Gallegos,11-10-1983,1984 Fusce Road,1-271-560-2116,non.cursus.non@cursuspurus.edu,0,Fusce Fermentum Fermentum Incorporated
Cooper,Buckner,01-05-2010,967-5268 Mollis. Road,1-204-465-4295,est.congue.a@neque.org,1,Id Libero Donec LLP
Uta,Hoffman,16-12-1987,394-6006 Nunc Road,1-620-959-9874,consectetuer.euismod.est@vitaemaurissit.org,1,Sem Pellentesque Company
Nero,Crosby,27-06-1992,Ap #454-9418 Vulputate Avenue,1-932-877-3612,nisl@dictum.org,0,Lorem Ut Associates
Leah,Mercado,13-12-1991,"P.O. Box 832, 5177 Cursus. Rd.",1-368-133-7133,Donec@amet.edu,0,Phasellus Ornare Fusce LLP
Cameron,Potts,12-04-1965,449-1111 Quam Avenue,1-769-684-9293,lorem.auctor.quis@in.edu,1,Purus Accumsan Interdum Corp.
Mechelle,Olsen,02-12-2009,"P.O. Box 183, 9190 Semper Road",775-0730,Nulla.aliquet.Proin@diamvelarcu.edu,0,Neque Corporation
Brynn,Edwards,23-06-1980,865-4394 Luctus St.,990-5651,et.magnis.dis@euerosNam.ca,1,Facilisis Corp.
Eliana,Guzman,29-11-1985,946-1914 Euismod St.,249-2040,pede@rhoncusidmollis.co.uk,1,Aenean Incorporated
Marshall,Velasquez,30-11-1993,"P.O. Box 286, 972 Hymenaeos. Rd.",1-345-303-0038,ut.ipsum.ac@etrutrum.com,1,Ultrices Corp.
Lance,Campbell,30-05-1966,Ap #917-4969 Tempus St.,309-1445,sed@semeget.edu,1,Sed Est Nunc PC
Carson,Hamilton,21-01-2005,"P.O. Box 503, 7156 Eget, St.",1-505-859-9406,Integer.vulputate.risus@egestasligulaNullam.ca,0,Interdum Sed Corp.
Fletcher,Harper,30-12-1991,6630 Molestie. Ave,586-7487,quis.massa@quisurnaNunc.edu,0,Eget Institute
Levi,Hale,24-07-1971,201-7443 Aliquam Rd.,1-134-594-7725,sit.amet.metus@montesnasceturridiculus.co.uk,1,Consectetuer Cursus Et Company
Chancellor,Salinas,10-07-1985,564-6477 Feugiat Av.,1-486-598-1592,penatibus.et.magnis@lacus.edu,1,Nec Mollis Vitae Consulting
Micah,Olsen,22-03-2007,Ap #718-439 Fusce Road,1-979-860-8033,sed.consequat@nunc.org,0,Consequat Lectus Sit Institute
Patrick,Cash,14-01-1997,"P.O. Box 129, 7882 Ac Rd.",1-583-832-9762,scelerisque@erosturpisnon.net,1,Ornare Elit Elit Limited
Blaine,Ryan,01-03-1966,6634 Aliquam St.,815-5634,eget.ipsum.Suspendisse@Integeraliquamadipiscing.net,0,Quisque PC
Noel,Powell,15-10-1971,"323-6809 Non, Avenue",1-783-212-6119,eget.mollis.lectus@acmattisvelit.org,0,Scelerisque Dui Company
Yasir,Atkins,14-07-1992,"P.O. Box 961, 2148 Risus. St.",1-325-916-9908,dapibus.ligula@arcuVivamus.org,0,Rhoncus Industries
Cynthia,Bowen,23-09-1991,"7602 Sed, St.",1-424-664-3826,lacus@non.org,1,Lacinia LLC
Scott,Nguyen,06-04-1994,Ap #335-8982 In Rd.,1-624-243-3284,erat@Sed.co.uk,1,Parturient Institute
Rebecca,Leon,15-02-1979,141-146 Integer St.,743-2073,lorem.eget.mollis@Nullamnisl.com,0,Consectetuer Adipiscing PC
Summer,Benton,23-01-1987,"P.O. Box 705, 2650 Suspendisse Rd.",271-8797,lobortis.ultrices.Vivamus@Donecconsectetuer.ca,1,Leo Limited
John,Kline,17-09-2003,Ap #878-747 Mattis St.,1-532-229-2847,vitae@laoreet.ca,1,Accumsan Institute
Ray,Cruz,30-06-1973,"P.O. Box 808, 2961 Magna Street",1-914-148-9648,ipsum@Donecegestas.net,0,Massa Incorporated
Lawrence,Holden,24-12-2009,4014 Eros Road,408-0845,tortor.Integer.aliquam@Craslorem.net,1,Vivamus Institute
Fritz,Russell,04-09-1964,"P.O. Box 430, 5086 Mauris St.",739-8579,dapibus@ultriciesornareelit.org,0,Dolor Dapibus Incorporated
James,Dudley,20-07-2006,9306 In Avenue,942-2441,urna.Vivamus@sem.net,0,Proin Non Massa Inc.
Cara,Richmond,24-11-1997,"P.O. Box 646, 3380 Venenatis Rd.",765-6056,quis@adipiscinglacus.ca,1,Eget Associates
Janna,Heath,04-12-1981,911-5146 Auctor St.,1-333-769-7535,magna.nec@semperduilectus.edu,0,In Limited
Melissa,Hyde,23-02-1972,4110 Libero St.,1-921-508-9534,sagittis@euismodmauris.org,1,Dui Industries
Dorian,Mcclain,05-08-2000,6917 Convallis Rd.,1-187-819-9337,purus.mauris.a@cursus.co.uk,0,Pharetra Sed Corporation
Selma,Gutierrez,23-12-2006,Ap #695-7838 Lorem Rd.,1-117-755-4398,nibh@necanteMaecenas.ca,0,Dis Parturient PC
Carson,Stanley,18-03-1987,180-6814 Elit. Av.,1-869-589-7097,rhoncus@eget.org,0,Neque Pellentesque Massa Corp.
Inez,Mosley,22-12-1992,2131 Molestie Ave,717-7619,sagittis.Duis.gravida@eleifendnondapibus.edu,1,Praesent Eu Dui LLC
Candice,Barber,25-08-1963,833-1457 Ligula. Ave,600-4848,nec.eleifend.non@vitaesodales.edu,0,Et Ultrices Incorporated
Hadley,Carlson,26-12-1988,1211 Proin Street,517-3408,sagittis.Duis.gravida@Sedegetlacus.ca,1,Vestibulum Neque Sed Limited
Avye,Hester,08-01-2005,9160 Eu St.,1-884-287-1611,adipiscing@montesnascetur.ca,0,Tellus Foundation
Brynn,Garrett,08-04-1971,693-7229 Sit St.,1-900-566-1806,Integer@semutdolor.net,0,Adipiscing Elit Inc.
Ishmael,Suarez,22-01-1990,559-5418 Mi Av.,1-393-704-1577,ipsum@diamSed.org,0,Risus Nulla Eget PC
Olympia,Barton,10-01-1975,4319 Tristique St.,1-300-203-3323,at@malesuadaInteger.co.uk,1,Ridiculus Mus Foundation